QE_file_number,Cast # ,Sample ,Bottle_Position,Date_Time,lat,long,Mixed_Layer_Depth_Crit3,In_Mixed_Layer,CTD_Tempurature,Sal00,Sal11,Sigma-t00,Sigma-t11,OxsatMm/Kg,DepSM,PrDM,T090C,T190C,C0S/m,C1S/m,Par,Sbeox0Mm/Kg,CStarTr0,FlECO-AFL,Type
QE009604,1,.22GV17,4,Nov 13 2018,64.81986667,64.03863333,33,FALSE,-1.23735,33.9019,33.9157,27.272,27.2825,364.42285,40.812,41.219,-1.2475,-1.2272,2.71909,2.721773,3.63E+00,309.085,-1.2547,1.0213,(avg)
QE009492,1,.22GV18,3,Nov 13 2018,64.81986667,64.03863333,33,FALSE,-0.1977,34.2727,34.2785,27.5293,27.5334,353.31662,60.315,60.92,-0.2035,-0.1919,2.834508,2.835918,1.08E+00,252.9,-1.2547,0.2535,(avg)
QE009408,1,.22GV19,2,Nov 13 2018,64.81986667,64.03863333,33,FALSE,0.33105,34.4354,34.4364,27.6323,27.6334,347.8921,100.025,101.039,0.3338,0.3283,2.894184,2.893788,1.45E-01,227.614,-1.2547,0.0459,(avg)
QE009565,1,.22GV20,6,Nov 13 2018,64.81986667,64.03863333,33,TRUE,-1.343,33.7006,33.7028,27.1117,27.1136,365.92712,1.643,1.659,-1.3419,-1.3441,2.694876,2.694861,1.49E+02,338.774,-1.2547,1.1894,(avg)
QE009627,1,.22GV21,1,Nov 13 2018,64.81986667,64.03863333,33,FALSE,0.89385,34.5739,34.5772,27.7097,27.7125,342.46069,250.562,253.194,0.8944,0.8933,2.959741,2.959899,1.00E-12,204.114,-1.2547,-0.0378,(avg)
QE009527,1,.22GV22,5,Nov 13 2018,64.81986667,64.03863333,33,TRUE,-1.3764,33.7681,33.7693,27.1676,27.1685,366.08776,20.621,20.826,-1.377,-1.3758,2.697769,2.697952,1.94E+01,332.462,-1.2547,1.6463,(avg)
QE009502,2,.22GV23,3,Nov 13 2018,64.94956667,63.6975,62,FALSE,0.20065,34.3511,34.3498,27.5714,27.5709,349.28821,99.981,100.995,0.2063,0.195,2.876933,2.875873,0.27792,231.898,96.9741,0.1458,(avg)
QE009480,2,.22GV24,1,Nov 13 2018,64.94956667,63.6975,62,FALSE,1.06645,34.6069,34.6093,27.7249,27.727,340.84135,254.244,256.92,1.0671,1.0658,2.977344,2.977419,1.00E-12,194.639,97.3482,-0.0522,(avg)
QE009404,2,.22GV25,2,Nov 13 2018,64.94956667,63.6975,62,FALSE,0.72585,34.5127,34.5152,27.6712,27.6732,344.12777,149.749,151.286,0.7261,0.7256,2.935917,2.936073,0.0042649,208.419,97.276,-0.0068,(avg)
QE009393,2,.22GV26,4,Nov 13 2018,64.94956667,63.6975,62,TRUE,-0.3484,34.0945,34.0966,27.3922,27.3939,355.16168,59.809,60.41,-0.3478,-0.349,2.809026,2.809077,2.5715,263.948,95.5128,0.5345,(avg)
QE009555,2,.22GV27,7,Nov 13 2018,64.94956667,63.6975,62,TRUE,-0.6021,33.9843,33.9868,27.3143,27.3164,357.87961,20.549,20.753,-0.6009,-0.6033,2.777854,2.777837,34.377,284.468,94.6229,0.9753,(avg)
QE009586,2,.22GV28,5,Nov 13 2018,64.94956667,63.6975,62,TRUE,-0.4185,34.0698,34.0722,27.3754,27.3774,355.90516,50.349,50.854,-0.4189,-0.4181,2.800782,2.801032,4.5322,268.998,95.3225,0.6858,(avg)
QE009405,2,.22GV29,6,Nov 13 2018,64.94956667,63.6975,62,TRUE,-0.5882,33.9931,33.9957,27.3209,27.3231,357.72801,35.588,35.943,-0.5876,-0.5888,2.780309,2.780406,11.599,283.735,94.8703,0.9879,(avg)
QE009413,2,.22GV30,8,Nov 13 2018,64.94956667,63.6975,62,TRUE,-0.60595,33.982,33.9844,27.3126,27.3146,357.92765,10.212,10.313,-0.6052,-0.6067,2.776842,2.776894,81.248,285.192,94.6687,0.7946,(avg)
QE009621,2,.22GV31,9,Nov 13 2018,64.94956667,63.6975,62,TRUE,-0.6252,33.9682,33.9727,27.3023,27.3059,358.16808,0.526,0.531,-0.6263,-0.6241,2.773615,2.774134,267.92,287.245,94.5415,0.5805,(avg)
QE009612,3,.22GV32,3,Nov 13 2018,65.34205,64.3063,35,TRUE,-1.507,33.6362,33.6267,27.0643,27.0567,367.75398,14.091,14.231,-1.506,-1.508,2.677342,2.67649,2.17E+01,303.258,96.3154,0.2696,(avg)
QE009562,3,.22GV33,1,Nov 13 2018,65.34205,64.3063,35,FALSE,-0.3006,34.0686,34.0705,27.3689,27.3707,354.75331,61.272,61.889,-0.2973,-0.3039,2.811386,2.810977,1.78E+00,210.472,95.7548,0.1069,(avg)
QE009582,3,.22GV34,2,Nov 13 2018,65.34205,64.3063,35,TRUE,-1.52275,33.682,33.6889,27.1021,27.1074,367.84458,27.066,27.336,-1.5279,-1.5176,2.679457,2.6808,7.45E+00,304.497,96.8324,0.2487,(avg)
QE009436,7,.22GV50,1,Nov 15 2018,65.33546667,64.31416667,21,FALSE,0.92205,34.5594,34.5625,27.6962,27.6989,342.24523,250.383,253.022,0.9228,0.9213,2.961052,2.961168,1.00E-12,195.265,96.8421,-0.0725,(avg)
QE009482,7,.22GV51,2,Nov 15 2018,65.33546667,64.31416667,21,FALSE,0.8075,34.5136,34.5174,27.6669,27.6697,343.409,150.493,152.043,0.8059,0.8091,2.942863,2.943431,9.80E-03,192.034,96.7046,-0.0755,(avg)
QE009637,7,.22GV52,3,Nov 15 2018,65.33546667,64.31416667,21,FALSE,0.62805,34.4365,34.444,27.6161,27.6217,345.24616,100.568,101.591,0.6241,0.632,2.919063,2.920314,4.82E-01,189.615,96.3661,-0.066,(avg)
QE009493,7,.22GV53,4,Nov 15 2018,65.33546667,64.31416667,21,FALSE,-0.57145,33.9955,34.0271,27.3224,27.3474,357.63563,60.636,61.247,-0.5787,-0.5642,2.782386,2.785943,5.05E+00,231.995,96.1909,0.1763,(avg)
QE009406,7,.22GV54,5,Nov 15 2018,65.33546667,64.31416667,21,FALSE,-0.7681,33.9044,33.9033,27.2561,27.2561,359.60654,50.167,50.671,-0.7571,-0.7791,2.760317,2.758404,9.35E+00,243.742,96.0788,0.2559,(avg)
QE009522,7,.22GV55,6,Nov 15 2018,65.33546667,64.31416667,21,FALSE,-0.98755,33.8116,33.814,27.1897,27.1917,362.10261,35.13,35.481,-0.9867,-0.9884,2.733764,2.7338,2.14E+01,258.745,96.0686,0.272,(avg)
QE009459,7,.22GV56,9,Nov 15 2018,65.33546667,64.31416667,21,TRUE,-1.4057,33.6038,33.6079,27.035,27.0384,366.83341,0.676,0.683,-1.4052,-1.4062,2.682615,2.682839,1.24E+03,293.193,95.2158,0.126,(avg)
QE009395,7,.22GV57,7,Nov 15 2018,65.33546667,64.31416667,21,TRUE,-1.27385,33.6889,33.6904,27.1,27.1014,365.2609,20.305,20.508,-1.2718,-1.2759,2.700643,2.700409,1.53E+02,282.651,95.998,0.1967,(avg)
QE009396,7,.22GV58,8,Nov 15 2018,65.33546667,64.31416667,21,TRUE,-1.3779,33.6227,33.6247,27.0495,27.0512,366.50026,10.697,10.803,-1.3773,-1.3785,2.686734,2.686787,3.50E+02,289.874,95.8239,0.1841,(avg)
QE009425,8,.22GV111,9,Nov 16 2018,64.91681667,64.35756667,26,TRUE,-0.65865,33.562,33.5658,26.9749,26.9781,359.57881,10.317,10.42,-0.6569,-0.6604,2.741432,2.741421,8.67E+01,329.344,93.8434,0.1632,(avg)
QE009394,8,.22GV112,4,Nov 16 2018,64.91681667,64.35756667,26,FALSE,-0.6325,34.0879,34.0918,27.3994,27.4027,357.89018,60.016,60.619,-0.6315,-0.6335,2.784803,2.784926,3.53E+00,264.029,96.0928,0.4047,(avg)
QE009495,8,.22GV113,2,Nov 16 2018,64.91681667,64.35756667,26,FALSE,0.7396,34.5073,34.5106,27.666,27.6687,344.01438,150.429,151.973,0.7402,0.739,2.936749,2.936899,2.89E-02,203.137,97.0679,-0.0349,(avg)
QE009415,8,.22GV114,1,Nov 16 2018,64.91681667,64.35756667,26,FALSE,1.13205,34.6199,34.6229,27.7309,27.7335,340.22561,251.562,254.207,1.1331,1.131,2.98392,2.983974,1.00E-12,192.974,97.207,-0.0361,(avg)
QE009430,8,.22GV115,8,Nov 16 2018,64.91681667,64.35756667,26,TRUE,-0.80465,33.5991,33.6119,27.0104,27.0215,360.82203,20.156,20.356,-0.7955,-0.8138,2.73321,2.732645,4.47E+01,329.141,93.5637,0.4006,(avg)
QE009447,8,.22GV116,7,Nov 16 2018,64.91681667,64.35756667,26,FALSE,-0.9029,33.7927,33.7961,27.1714,27.174,361.34546,35.776,36.133,-0.9041,-0.9017,2.739243,2.739686,1.60E+01,316.317,93.8332,0.629,(avg)
QE009473,8,.22GV117,5,Nov 16 2018,64.91681667,64.35756667,26,FALSE,-0.6097,33.9976,33.998,27.3252,27.3261,357.87254,50.621,51.128,-0.6039,-0.6155,2.779976,2.779044,6.23E+00,278.868,95.1646,0.6098,(avg)
QE009484,8,.22GV118,10,Nov 16 2018,64.91681667,64.35756667,26,TRUE,-0.6528,33.5619,33.5659,26.9746,26.9779,359.53143,1.271,1.283,-0.652,-0.6536,2.741416,2.741573,2.14E+02,329.787,93.8261,0.132,(avg)
QE009507,8,.22GV119,3,Nov 16 2018,64.91681667,64.35756667,26,FALSE,0.36545,34.3862,34.3893,27.5907,27.5934,347.72496,101.717,102.748,0.3662,0.3647,2.893275,2.893383,4.42E-01,216.596,96.8226,0.0489,(avg)
QE009523,9,.22GV129,1,Nov 17 2018,64.96823056,64.40903889,21,FALSE,0.9553,34.5787,34.5821,27.7096,27.7125,341.89639,250.375,253.008,0.9564,0.9542,2.965436,2.965514,1.00E-12,199.124,96.9412,-0.0355,(avg)
QE009472,9,.22GV130,8,Nov 17 2018,64.96823056,64.40903889,21,TRUE,-0.7802,33.5774,33.5807,26.9922,26.9949,360.7352,10.436,10.539,-0.7804,-0.78,2.732402,2.732676,5.11E+02,296.012,91.2868,0.0734,(avg)
QE009403,9,.22GV131,9,Nov 17 2018,64.96823056,64.40903889,21,TRUE,-0.7804,33.5797,33.5806,26.9942,26.9947,360.74968,0.84,0.848,-0.7825,-0.7783,2.731958,2.732371,1.87E+03,295.995,91.2464,0.0572,(avg)
QE009636,9,.22GV132,7,Nov 17 2018,64.96823056,64.40903889,21,TRUE,-0.70305,33.7219,33.7484,27.1065,27.1273,359.66213,20.12,20.32,-0.7109,-0.6952,2.749262,2.752517,2.14E+02,278.343,91.67,0.2828,(avg)
QE009439,9,.22GV133,2,Nov 17 2018,64.96823056,64.40903889,21,FALSE,0.69945,34.5143,34.5197,27.6742,27.6784,344.36562,150.332,151.876,0.6992,0.6997,2.933763,2.934217,5.89E-02,209.702,96.8502,-0.0169,(avg)
QE009546,9,.22GV134,4,Nov 17 2018,64.96823056,64.40903889,21,FALSE,-0.05925,34.2037,34.2055,27.466,27.4683,352.06741,60.348,60.954,-0.0506,-0.0679,2.842226,2.840901,9.41E+00,239.903,93.8256,0.7785,(avg)
QE009463,9,.22GV135,6,Nov 17 2018,64.96823056,64.40903889,21,FALSE,-0.55255,33.9308,33.9345,27.2689,27.272,357.56111,35.142,35.493,-0.5525,-0.5526,2.778587,2.778859,6.18E+01,256.941,92.6451,0.6433,(avg)
QE009497,9,.22GV136,3,Nov 17 2018,64.96823056,64.40903889,21,FALSE,0.35725,34.4129,34.4163,27.6127,27.6155,347.73378,100.264,101.281,0.3576,0.3569,2.894502,2.894704,7.62E-01,225.142,96.6809,0.0698,(avg)
QE009533,9,.22GV137,5,Nov 17 2018,64.96823056,64.40903889,21,FALSE,-0.30445,34.0747,34.0796,27.3742,27.378,354.81707,50.409,50.914,-0.3058,-0.3031,2.810629,2.811216,1.92E+01,251.133,93.3685,0.6451,(avg)
QE009419,10,.22GV172,3,Nov 18 2018,64.8652,63.245325,17,FALSE,0.4149,34.4096,34.4115,27.6068,27.6083,347.22314,100.038,101.052,0.4144,0.4154,2.899079,2.899309,1.70E-01,223.854,96.5784,0.1027,(avg)
QE009452,10,.22GV173,1,Nov 18 2018,64.8652,63.245325,17,FALSE,0.69175,34.5529,34.5543,27.7059,27.7067,344.35765,249.298,251.918,0.6889,0.6946,2.940413,2.941016,1.00E-12,211.033,95.9079,-0.0361,(avg)
QE009517,10,.22GV174,4,Nov 18 2018,64.8652,63.245325,17,FALSE,0.36735,34.3853,34.3867,27.5899,27.5911,347.71216,60.177,60.781,0.3679,0.3668,2.891424,2.891436,1.25E+00,226.141,96.4405,0.1093,(avg)
QE009440,10,.22GV175,5,Nov 18 2018,64.8652,63.245325,17,FALSE,0.1972,34.3255,34.3268,27.5512,27.5523,349.43169,49.773,50.272,0.1981,0.1963,2.871968,2.871918,2.22E+00,234.625,96.213,0.2535,(avg)
QE009511,10,.22GV176,2,Nov 18 2018,64.8652,63.245325,17,FALSE,0.6177,34.474,34.4749,27.6466,27.6475,345.19951,150.302,151.845,0.6184,0.617,2.923752,2.9237,1.00E-12,214.096,96.6421,0.0202,(avg)
QE009418,10,.22GV177,6,Nov 18 2018,64.8652,63.245325,17,FALSE,-0.2652,34.0799,34.0845,27.3767,27.3801,354.45001,34.728,35.075,-0.2685,-0.2619,2.813421,2.814322,6.12E+00,271.563,94.6153,0.6738,(avg)
QE009551,10,.22GV178,7,Nov 18 2018,64.8652,63.245325,17,FALSE,-0.44295,33.9151,33.932,27.2518,27.2649,356.61809,19.766,19.963,-0.4495,-0.4364,2.785291,2.787645,1.88E+01,286.047,93.196,0.8108,(avg)
QE009632,10,.22GV179,8,Nov 18 2018,64.8652,63.245325,17,TRUE,-0.7378,33.6084,33.604,27.0155,27.0123,360.19674,10.3,10.402,-0.7338,-0.7418,2.738526,2.73754,4.26E+01,296.57,92.1751,0.8054,(avg)
QE009584,10,.22GV180,9,Nov 18 2018,64.8652,63.245325,17,TRUE,-0.75655,33.5874,33.5891,26.9994,27.0008,360.4709,-0.027,-0.027,-0.7561,-0.757,2.734666,2.734712,1.52E+02,297.398,92.0953,0.5518,(avg)
QE009461,11,.22GV181,3,Nov 18 2018,64.72165,63.05961667,34,FALSE,0.52515,34.4617,34.4626,27.6423,27.6431,346.06562,100.024,101.037,0.5264,0.5239,2.912618,2.912471,5.73E-01,218.043,96.1839,0.0871,(avg)
QE009521,11,.22GV182,1,Nov 18 2018,64.72165,63.05961667,34,FALSE,-0.65275,34.5346,34.5344,27.762,27.7617,356.90062,250.84,253.474,-0.6556,-0.6499,2.824677,2.82515,1.00E-12,264.687,96.0141,-0.0755,(avg)
QE009563,11,.22GV183,4,Nov 18 2018,64.72165,63.05961667,34,FALSE,0.27075,34.3447,34.347,27.5626,27.5645,348.7074,60.45,61.056,0.2712,0.2703,2.880123,2.880218,3.98E+00,230.885,96.2567,0.1907,(avg)
QE009417,11,.22GV184,2,Nov 18 2018,64.72165,63.05961667,34,FALSE,0.801,34.5404,34.543,27.6887,27.6909,343.38054,147.54,149.051,0.8013,0.8007,2.944398,2.944545,4.53E-02,205.431,96.6151,-0.0337,(avg)
QE009536,11,.22GV185,5,Nov 18 2018,64.72165,63.05961667,34,FALSE,0.0614,34.266,34.2662,27.5104,27.5108,350.84006,50.356,50.86,0.0632,0.0596,2.85607,2.855779,6.81E+00,242.433,95.6885,0.4855,(avg)
QE009494,11,.22GV186,6,Nov 18 2018,64.72165,63.05961667,34,FALSE,-0.28615,34.0117,34.0441,27.3233,27.3476,354.99797,35.093,35.442,-0.3068,-0.2655,2.805118,2.811007,1.69E+01,267.185,93.9588,0.8018,(avg)
QE009613,11,.22GV187,9,Nov 18 2018,64.72165,63.05961667,34,TRUE,-0.32945,33.8894,33.8918,27.2256,27.2275,355.54466,0.996,1.006,-0.3295,-0.3294,2.792513,2.792698,3.00E+02,301.947,91.7223,0.2714,(avg)
QE009429,11,.22GV188,7,Nov 18 2018,64.72165,63.05961667,34,TRUE,-0.34295,33.8943,33.8938,27.23,27.2298,355.64973,20.299,20.501,-0.3419,-0.344,2.792726,2.79252,4.94E+01,300.222,91.7185,0.7707,(avg)
QE009554,11,.22GV189,8,Nov 18 2018,64.72165,63.05961667,34,TRUE,-0.3389,33.8897,33.8918,27.2262,27.228,355.62792,10.263,10.365,-0.3384,-0.3394,2.792222,2.792298,1.08E+02,301.153,91.7218,0.5776,(avg)
QE009638,12,.22GV190,5,Nov 18 2018,64.7929,62.74261667,21,FALSE,-0.1229,34.3473,34.3473,27.5855,27.5857,352.346,59.995,60.597,-0.1215,-0.1243,2.847015,2.846781,1.65E+00,257.863,95.3657,0.3557,(avg)
QE009485,12,.22GV191,4,Nov 18 2018,64.7929,62.74261667,21,FALSE,0.01325,34.4655,34.4705,27.6737,27.6784,350.70273,100.279,101.295,0.0206,0.0059,2.869832,2.868958,2.00E-01,242.693,96.0147,0.0554,(avg)
QE009513,12,.22GV192,1,Nov 18 2018,64.7929,62.74261667,21,FALSE,-0.3213,34.5241,34.526,27.7382,27.7398,353.73639,249.947,252.572,-0.32,-0.3226,2.85225,2.85217,1.00E-12,250.013,95.5673,-0.0516,(avg)
QE009603,12,.22GV193,2,Nov 18 2018,64.7929,62.74261667,21,FALSE,-0.12645,34.4924,34.4939,27.7029,27.7043,351.99566,150.091,151.63,-0.1257,-0.1272,2.861738,2.861729,1.00E-12,245.778,95.9839,-0.0151,(avg)
QE009616,12,.22GV194,6,Nov 18 2018,64.7929,62.74261667,21,FALSE,-0.1442,34.2625,34.2649,27.5182,27.5201,352.78176,49.677,50.173,-0.1437,-0.1447,2.8383,2.838395,3.10E+00,268.333,93.8186,0.7976,(avg)
QE009462,12,.22GV195,10,Nov 18 2018,64.7929,62.74261667,21,TRUE,-0.06775,34.0144,34.0167,27.3139,27.3159,352.73391,1.152,1.164,-0.0675,-0.068,2.823812,2.823941,2.03E+02,306.759,90.2987,0.4346,(avg)
QE009605,12,.22GV196,9,Nov 18 2018,64.7929,62.74261667,21,TRUE,-0.1472,34.0705,34.0713,27.3635,27.3636,353.3717,10.309,10.411,-0.1515,-0.1429,2.821406,2.822181,6.40E+01,301.456,89.5241,0.989,(avg)
QE009503,12,.22GV197,8,Nov 18 2018,64.7929,62.74261667,21,TRUE,-0.1418,34.12,34.1397,27.4026,27.4192,353.08618,19.967,20.165,-0.1353,-0.1483,2.82693,2.827313,2.64E+01,294.146,90.9078,1.0973,(avg)
QE009437,12,.22GV198,7,Nov 18 2018,64.7929,62.74261667,21,FALSE,-0.1707,34.2071,34.2095,27.4747,27.4767,353.17931,34.932,35.281,-0.1701,-0.1713,2.831226,2.831315,8.34E+00,281.856,92.7427,0.9855,(avg)
QE009446,13,.22GV199,3,Nov 18 2018,64.8603,62.56656667,20,FALSE,-0.36565,34.4478,34.451,27.6787,27.6813,354.368,100.238,101.254,-0.365,-0.3663,2.835819,2.835946,4.63E-02,248.039,95.0201,0.0166,(avg)
QE009595,13,.22GV201,5,Nov 18 2018,64.8603,62.56656667,20,FALSE,-0.2858,34.2917,34.2959,27.5487,27.552,354.04796,35.39,35.743,-0.2865,-0.2851,2.827777,2.828206,2.84E+00,270.151,93.754,0.6278,(avg)
QE009592,13,.22GV202,4,Nov 18 2018,64.8603,62.56656667,20,FALSE,-0.30705,34.3578,34.3617,27.6034,27.606,354.116,60.419,61.026,-0.3126,-0.3015,2.831676,2.83291,6.32E-01,257.81,94.2666,0.2427,(avg)
QE009486,13,.22GV203,1,Nov 18 2018,64.8603,62.56656667,20,FALSE,-0.4518,34.5151,34.5168,27.7371,27.7385,355.00507,251.208,253.849,-0.4515,-0.4521,2.840509,2.840575,1.00E-12,252.163,94.1604,-0.0378,(avg)
QE009581,13,.22GV205,6,Nov 18 2018,64.8603,62.56656667,20,FALSE,-0.35655,34.2083,34.2101,27.4846,27.4861,354.93449,20.468,20.672,-0.3563,-0.3568,2.814977,2.815078,9.87E+00,282.789,90.3661,0.7671,(avg)
QE009435,13,.22GV206,2,Nov 18 2018,64.8603,62.56656667,20,FALSE,-0.3484,34.4807,34.4833,27.7044,27.7066,354.11533,150.623,152.168,-0.3477,-0.3491,2.842072,2.842156,1.00E-12,247.064,95.4023,-0.0157,(avg)
QE009514,13,.22GV207,7,Nov 18 2018,64.8603,62.56656667,20,TRUE,-0.41995,34.1394,34.148,27.4318,27.4388,355.71705,10.601,10.706,-0.419,-0.4209,2.804119,2.804606,2.66E+01,288.441,88.086,0.5967,(avg)
QE009537,13,.22GV208,8,Nov 18 2018,64.8603,62.56656667,20,TRUE,-0.38765,34.1029,34.1161,27.4007,27.4116,355.48242,1.173,1.185,-0.3839,-0.3914,2.803905,2.804257,8.10E+01,295.468,88.5345,0.5506,(avg)
QE009535,16,.22GV234,1,Nov 20 2018,64.9167,63.63315,50,FALSE,0.95655,34.5859,34.5847,27.7154,27.7144,341.87187,250.326,252.958,0.9571,0.956,2.966051,2.965867,1.00E-12,200.668,96.8502,-0.057,(avg)
QE009557,16,.22GV235,2,Nov 20 2018,64.9167,63.63315,50,FALSE,0.66625,34.5125,34.514,27.6748,27.6758,344.6892,150.142,151.683,0.6638,0.6687,2.930582,2.931123,1.00E-12,212.529,96.7806,-0.0319,(avg)
QE009506,16,.22GV236,5,Nov 20 2018,64.9167,63.63315,50,FALSE,-0.1948,34.0055,34.0053,27.313,27.3129,353.95038,50.002,50.503,-0.1943,-0.1953,2.814769,2.814672,2.45E-01,296.705,92.7761,1.477,(avg)
QE009469,16,.22GV237,3,Nov 20 2018,64.9167,63.63315,50,FALSE,0.4201,34.4364,34.4309,27.6277,27.6241,347.025,100.09,101.105,0.4283,0.4119,2.902319,2.900493,1.00E-12,224.095,96.5704,0.0453,(avg)
QE009515,16,.22GV238,8,Nov 20 2018,64.9167,63.63315,50,TRUE,-0.33055,33.9081,33.9084,27.2407,27.241,355.49545,10.171,10.272,-0.3297,-0.3314,2.794316,2.794188,1.38E+01,316.052,91.725,1.675,(avg)
QE009481,16,.22GV239,6,Nov 20 2018,64.9167,63.63315,50,TRUE,-0.1952,33.9614,33.964,27.2776,27.2793,354.11925,35.146,35.497,-0.1996,-0.1908,2.81033,2.811265,1.02E+00,305.516,91.8587,1.5607,(avg)
QE009428,16,.22GV240,4,Nov 20 2018,64.9167,63.63315,50,FALSE,-0.18035,34.1222,34.1252,27.4065,27.4092,353.48479,60.147,60.751,-0.1783,-0.1824,2.825337,2.825225,8.91E-02,264.585,95.1419,0.7516,(avg)
QE009526,16,.22GV241,7,Nov 20 2018,64.9167,63.63315,50,TRUE,-0.30395,33.9138,33.9249,27.2443,27.2528,355.29258,20.596,20.801,-0.3099,-0.298,2.79687,2.7987,4.28E+00,316.675,91.7967,1.7581,(avg)
QE009601,16,.22GV242,9,Nov 20 2018,64.9167,63.63315,50,TRUE,-0.32035,33.9081,33.9085,27.2402,27.2406,355.40242,0.685,0.692,-0.3199,-0.3208,2.794698,2.79465,5.11E+01,316.348,91.6565,1.6439,(avg)
QE009543,17,.22GV271,3,Nov 21 2018,64.8898,64.24693333,14,FALSE,0.58075,34.4575,34.4567,27.6356,27.635,345.57899,100.614,101.635,0.5813,0.5802,2.91701,2.916857,5.10E-03,209.326,96.5774,-0.0199,(avg)
QE009625,17,.22GV272,4,Nov 21 2018,64.8898,64.24693333,14,FALSE,0.1043,34.2978,34.2969,27.5338,27.5332,350.35145,59.888,60.489,0.1067,0.1019,2.862594,2.862121,2.48E-01,229.747,96.0869,0.1793,(avg)
QE009531,17,.22GV273,5,Nov 21 2018,64.8898,64.24693333,14,FALSE,0.00645,34.2597,34.2603,27.5083,27.5088,351.38647,49.681,50.178,0.0063,0.0066,2.850753,2.850827,4.70E-01,232.557,96.0357,0.2636,(avg)
QE009564,17,.22GV274,2,Nov 21 2018,64.8898,64.24693333,14,FALSE,0.6274,34.5099,34.51,27.6751,27.6751,345.03099,150.028,151.567,0.6267,0.6281,2.927202,2.927332,1.00E-12,217.981,96.3914,-0.0169,(avg)
QE009585,17,.22GV275,1,Nov 21 2018,64.8898,64.24693333,14,FALSE,0.986,34.5967,34.5957,27.7222,27.7213,341.59661,249.754,252.379,0.9849,0.9871,2.96926,2.969373,1.00E-12,199.597,96.6459,-0.0671,(avg)
QE009576,17,.22GV276,9,Nov 21 2018,64.8898,64.24693333,14,TRUE,-1.15375,33.5468,33.5469,26.9808,26.9809,364.484,2.701,2.728,-1.1534,-1.1541,2.699168,2.699119,1.22E+02,336.834,90.5192,0.7133,(avg)
QE009607,17,.22GV277,7,Nov 21 2018,64.8898,64.24693333,14,FALSE,-0.54225,33.8852,33.8861,27.2316,27.2324,357.58294,19.429,19.622,-0.5418,-0.5427,2.775366,2.775353,1.68E+01,332.289,86.4565,5.277,(avg)
QE009623,17,.22GV278,6,Nov 21 2018,64.8898,64.24693333,14,FALSE,-0.50095,33.967,33.9674,27.296,27.2964,356.96055,34.616,34.961,-0.5001,-0.5018,2.785619,2.785508,1.54E+00,303.032,90.3095,2.5936,(avg)
QE009544,17,.22GV279,8,Nov 21 2018,64.8898,64.24693333,14,TRUE,-1.13115,33.5495,33.563,26.9827,26.9928,364.37235,9.878,9.976,-1.1429,-1.1194,2.700559,2.703465,6.00E+01,338.031,90.2319,1.361,(avg)
QE009491,18,.22GV332,4,Nov 22 2018,64.60486667,62.77851667,26,FALSE,-0.16825,34.3472,34.3493,27.5878,27.5895,352.78396,59.962,60.562,-0.1682,-0.1683,2.843064,2.843212,4.46E+00,262.044,95.2018,0.2965,(avg)
QE009622,18,.22GV333,1,Nov 22 2018,64.60486667,62.77851667,26,FALSE,-0.2751,34.5278,34.5265,27.739,27.7379,353.30381,251.299,253.936,-0.2752,-0.275,2.856387,2.856304,1.00E-12,250.531,95.9618,-0.0737,(avg)
QE009624,18,.22GV334,5,Nov 22 2018,64.60486667,62.77851667,26,FALSE,-0.0999,34.2824,34.2944,27.5316,27.5422,352.22362,50.102,50.603,-0.0899,-0.1099,2.84436,2.84356,7.93E+00,265.763,94.5566,0.4179,(avg)
QE009448,18,.22GV335,6,Nov 22 2018,64.60486667,62.77851667,26,FALSE,-0.0394,34.1472,34.1494,27.4198,27.4216,352.10939,34.542,34.886,-0.0389,-0.0399,2.837764,2.837841,2.22E+01,289.095,91.9913,0.7874,(avg)
QE009547,18,.22GV336,2,Nov 22 2018,64.60486667,62.77851667,26,FALSE,0.0756,34.5096,34.5099,27.7063,27.7067,350.06587,149.923,151.459,0.0766,0.0746,2.88022,2.880075,2.63E-02,237.255,95.8061,-0.0181,(avg)
QE009547,18,.22GV336,8,Nov 22 2018,64.60486667,62.77851667,26,TRUE,-0.1122,33.9454,33.9467,27.2604,27.2616,353.3347,10.104,10.204,-0.1117,-0.1127,2.815328,2.81535,1.75E+02,313.069,89.4513,0.6732,(avg)
QE009552,18,.22GV337,9,Nov 22 2018,64.60486667,62.77851667,26,TRUE,-0.11095,33.9321,33.9325,27.2496,27.25,353.36009,0.853,0.862,-0.1106,-0.1113,2.813995,2.813967,6.14E+02,314.051,89.4578,0.278,(avg)
QE009606,18,.22GV338,7,Nov 22 2018,64.60486667,62.77851667,26,TRUE,-0.1089,33.9946,33.9894,27.2999,27.2959,353.15992,20.222,20.422,-0.1072,-0.1106,2.819874,2.819195,6.73E+01,304.779,89.6632,1.0686,(avg)
QE009596,18,.22GV339,3,Nov 22 2018,64.60486667,62.77851667,26,FALSE,-0.151,34.4102,34.4123,27.6379,27.6395,352.46676,100.105,101.118,-0.1525,-0.1495,2.850985,2.851396,5.55E-01,253.828,95.5128,0.135,(avg)
QE009561,19,.22GV340,3,Nov 22 2018,64.67191667,62.61275,36,FALSE,-0.339,34.4199,34.4242,27.6547,27.6584,354.17876,100.087,101.1,-0.337,-0.341,2.836093,2.836078,2.56E-01,262.591,95.0077,0.1793,(avg)
QE009426,19,.22GV341,2,Nov 22 2018,64.67191667,62.61275,36,FALSE,-0.3755,34.4678,34.4683,27.6953,27.6958,354.40739,149.886,151.422,-0.3749,-0.3761,2.838778,2.83871,1.00E-12,259.572,95.225,0.0417,(avg)
QE009587,19,.22GV342,1,Nov 22 2018,64.67191667,62.61275,36,FALSE,-0.4276,34.522,34.5211,27.7416,27.7408,354.76364,250.641,253.272,-0.428,-0.4272,2.842978,2.842978,1.00E-12,257.07,95.7419,-0.0337,(avg)
QE009524,19,.22GV343,4,Nov 22 2018,64.67191667,62.61275,36,FALSE,-0.20705,34.2243,34.2252,27.4903,27.4911,353.47509,60.316,60.921,-0.2065,-0.2076,2.830628,2.830608,2.34E+00,275.83,93.7232,0.5823,(avg)
QE009583,19,.22GV344,6,Nov 22 2018,64.67191667,62.61275,36,TRUE,-0.1849,34.0684,34.0702,27.3633,27.3649,353.68565,35.743,36.099,-0.1842,-0.1856,2.819676,2.819697,1.12E+01,291.801,91.2652,1.0901,(avg)
QE009471,19,.22GV345,5,Nov 22 2018,64.67191667,62.61275,36,FALSE,-0.18765,34.191,34.1961,27.4624,27.4667,353.37443,50.015,50.516,-0.1863,-0.189,2.829358,2.82951,4.29E+00,277.257,93.431,0.6792,(avg)
QE009525,19,.22GV346,9,Nov 22 2018,64.67191667,62.61275,36,TRUE,-0.1293,33.9354,33.9435,27.253,27.2601,353.47852,0.947,0.957,-0.1241,-0.1345,2.813117,2.812857,3.03E+02,304.922,89.4724,0.3408,(avg)
QE009534,19,.22GV347,8,Nov 22 2018,64.67191667,62.61275,36,TRUE,-0.1363,33.9464,33.9435,27.2626,27.26,353.58261,10.485,10.589,-0.1383,-0.1343,2.813195,2.813313,9.27E+01,304.008,89.4745,0.6302,(avg)
QE009631,19,.22GV348,7,Nov 22 2018,64.67191667,62.61275,36,TRUE,-0.15505,33.9588,33.9579,27.2734,27.2726,353.70484,19.837,20.034,-0.1549,-0.1552,2.813172,2.813075,4.01E+01,303.263,89.4804,1.0399,(avg)
QE009392,20,.22GV349,2,Nov 22 2018,64.53045,62.46093333,35,FALSE,0.2696,34.472,34.4727,27.6652,27.6661,348.35481,150.696,152.239,0.2728,0.2664,2.894113,2.893617,1.00E-12,231.166,95.8325,0.089,(avg)
QE009501,20,.22GV350,4,Nov 22 2018,64.53045,62.46093333,35,FALSE,-0.17315,34.1806,34.1825,27.4535,27.455,353.28424,60.443,61.048,-0.1737,-0.1726,2.83012,2.83036,9.35E-01,302.425,91.4593,0.7868,(avg)
QE009532,20,.22GV351,1,Nov 22 2018,64.53045,62.46093333,35,FALSE,0.03595,34.5442,34.5445,27.7363,27.7367,350.33652,251.106,253.739,0.0374,0.0345,2.884173,2.883942,1.00E-12,237.763,96.1618,-0.0367,(avg)
QE009541,20,.22GV352,5,Nov 22 2018,64.53045,62.46093333,35,FALSE,-0.2048,34.1695,34.172,27.446,27.448,353.61532,50.201,50.703,-0.2057,-0.2039,2.82612,2.826462,1.91E+00,305.651,91.1698,0.8197,(avg)
QE009617,20,.22GV353,7,Nov 22 2018,64.53045,62.46093333,35,TRUE,-0.1453,34.0382,34.0421,27.337,27.3403,353.38255,19.912,20.109,-0.1434,-0.1472,2.820104,2.820077,2.02E+01,322.989,89.2298,0.8108,(avg)
QE009556,20,.22GV354,9,Nov 22 2018,64.53045,62.46093333,35,TRUE,-0.10595,34.0213,34.0236,27.3214,27.3233,353.07032,1.096,1.107,-0.1053,-0.1066,2.821157,2.821215,1.69E+02,324.906,89.5727,0.5034,(avg)
QE009407,20,.22GV355,6,Nov 22 2018,64.53045,62.46093333,35,FALSE,-0.23295,34.1377,34.1403,27.4216,27.4238,353.95435,35.022,35.37,-0.2325,-0.2334,2.820776,2.820896,5.64E+00,317.508,90.5343,0.8102,(avg)
QE009626,20,.22GV356,8,Nov 22 2018,64.53045,62.46093333,35,TRUE,-0.1122,34.0226,34.0245,27.3228,27.3244,353.12208,10.149,10.25,-0.1112,-0.1132,2.82118,2.821155,5.21E+01,323.958,89.5829,0.6942,(avg)
QE009545,21,.22GV358,3,Nov 22 2018,64.6156,62.20173333,13,FALSE,-0.3514,34.4227,34.4279,27.6576,27.662,354.2884,100.105,101.118,-0.3494,-0.3534,2.835258,2.835312,1.91E-01,258.868,95.4772,0.1164,(avg)
QE009566,21,.22GV359,6,Nov 22 2018,64.6156,62.20173333,13,FALSE,-0.24335,34.1731,34.1761,27.4508,27.4532,353.96333,34.901,35.248,-0.2436,-0.2431,2.822491,2.822758,4.56E+00,300.324,93.0338,0.8598,(avg)
QE009602,21,.22GV360,1,Nov 22 2018,64.6156,62.20173333,13,FALSE,-0.4923,34.5263,34.5279,27.748,27.7494,355.36034,250.904,253.536,-0.492,-0.4926,2.837896,2.83797,1.00E-12,257.321,96.1375,-0.0725,(avg)
QE009424,21,.22GV361,8,Nov 22 2018,64.6156,62.20173333,13,TRUE,-0.12775,33.8476,33.8513,27.1822,27.1853,353.74228,10.126,10.226,-0.127,-0.1285,2.806699,2.806849,3.65E+01,318.719,91.8878,0.5704,(avg)
QE009634,21,.22GV362,7,Nov 22 2018,64.6156,62.20173333,13,FALSE,-0.1763,33.9345,33.9403,27.255,27.2592,354.01666,20.181,20.381,-0.181,-0.1716,2.809179,2.810402,1.67E+01,314.374,91.4237,0.6977,(avg)
QE009475,21,.22GV363,9,Nov 22 2018,64.6156,62.20173333,13,TRUE,-0.07235,33.778,33.7808,27.1233,27.1256,353.41707,1.092,1.103,-0.0725,-0.0722,2.805591,2.805828,9.61E+01,322.186,93.6558,0.2379,(avg)
QE009402,21,.22GV365,4,Nov 22 2018,64.6156,62.20173333,13,FALSE,-0.27575,34.2923,34.2926,27.5487,27.5489,353.95365,59.673,60.271,-0.2767,-0.2748,2.829776,2.829961,1.36E+00,288.812,94.7711,0.5506,(avg)
QE009594,21,.22GV366,5,Nov 22 2018,64.6156,62.20173333,13,FALSE,-0.2802,34.2604,34.2634,27.5231,27.5256,354.06965,50.439,50.943,-0.2799,-0.2805,2.826697,2.826867,2.11E+00,291.623,94.3161,0.6272,(avg)
QE009614,21,.22GV369,2,Nov 22 2018,64.6156,62.20173333,13,FALSE,-0.45605,34.5021,34.5052,27.7267,27.7294,355.07543,149.937,151.473,-0.4551,-0.457,2.834546,2.834621,1.00E-12,254.039,95.9866,-0.0337,(avg)
QE009577,24,.22GV450,4,Nov 24 2018,64.52843333,61.89436667,38,FALSE,-0.28425,34.2267,34.2278,27.496,27.497,354.19989,59.944,60.544,-0.284,-0.2845,2.824266,2.824313,1.30E+00,295.553,94.1199,5.43E-01,(avg)
QE009504,24,.22GV451,3,Nov 24 2018,64.52843333,61.89436667,38,FALSE,-0.3167,34.4492,34.4384,27.6773,27.6689,353.87394,100.495,101.512,-0.3132,-0.3202,2.840322,2.838918,9.53E-02,258.771,95.0573,2.14E-01,(avg)
QE009575,24,.22GV452,2,Nov 24 2018,64.52843333,61.89436667,38,FALSE,-0.3407,34.5035,34.5029,27.7225,27.7221,353.98255,150.259,151.797,-0.3402,-0.3412,2.844393,2.844267,1.00E-12,252.318,95.8088,-6.20E-03,(avg)
QE009516,24,.22GV453,1,Nov 24 2018,64.52843333,61.89436667,38,FALSE,-0.5336,34.5296,34.5282,27.7526,27.7514,355.74629,250.511,253.138,-0.5335,-0.5337,2.834615,2.83449,1.00E-12,258.764,95.2562,-7.49E-02,(avg)
QE009573,24,.22GV454,6,Nov 24 2018,64.52843333,61.89436667,38,TRUE,-0.0719,33.904,33.9055,27.2248,27.2265,353.02949,35,35.348,-0.0673,-0.0765,2.817074,2.816424,4.87E+00,322.849,87.7049,2.04E+00,(avg)
QE009397,24,.22GV455,7,Nov 24 2018,64.52843333,61.89436667,38,TRUE,0.01775,33.8436,33.846,27.1718,27.1738,352.39349,20.701,20.907,0.0179,0.0176,2.818987,2.81915,2.35E+01,326.893,88.7501,1.30E+00,(avg)
QE009553,24,.22GV456,8,Nov 24 2018,64.52843333,61.89436667,38,TRUE,0.03735,33.8706,33.8711,27.1926,27.193,352.13362,10.813,10.92,0.0379,0.0368,2.822252,2.822196,6.43E+01,326.268,88.8298,1.27E+00,(avg)
QE009571,24,.22GV457,9,Nov 24 2018,64.52843333,61.89436667,38,TRUE,0.04225,33.8779,33.8787,27.1982,27.1989,352.06914,0.989,0.999,0.0427,0.0418,2.822753,2.822731,2.74E+02,326.601,88.7625,7.69E-01,(avg)
QE009449,24,.22GV458,5,Nov 24 2018,64.52843333,61.89436667,38,FALSE,-0.22325,34.1258,34.1272,27.4115,27.4128,353.88851,50.032,50.531,-0.2222,-0.2243,2.821451,2.821384,1.41E+00,307.277,92.9599,9.68E-01,(avg)
QE009591,25,.22GV459,3,Nov 24 2018,64.40823889,62.1664,70,FALSE,0.03625,34.3293,34.3302,27.5629,27.5636,350.92495,99.832,100.841,0.0359,0.0366,2.860825,2.860957,6.96E-02,261.067,94.3188,0.2547,(avg)
QE009597,25,.22GV460,1,Nov 24 2018,64.40823889,62.1664,70,FALSE,0.45325,34.5813,34.5796,27.7433,27.7414,346.45537,250.324,252.947,0.4489,0.4576,2.922087,2.922698,1.00E-12,222.529,95.8098,-0.0677,(avg)
QE009611,25,.22GV461,5,Nov 24 2018,64.40823889,62.1664,70,TRUE,-0.11025,34.1842,34.1799,27.4533,27.4497,352.67884,50.087,50.587,-0.1103,-0.1102,2.835253,2.834935,2.79E+00,293.865,91.3396,0.806,(avg)
QE009567,25,.22GV462,6,Nov 24 2018,64.40823889,62.1664,70,TRUE,-0.09455,34.1379,34.138,27.415,27.4152,352.65678,35.148,35.498,-0.0946,-0.0945,2.832392,2.83242,8.50E+00,300.953,90.7542,0.8287,(avg)
QE009593,25,.22GV463,4,Nov 24 2018,64.40823889,62.1664,70,TRUE,-0.11585,34.21,34.2101,27.4743,27.4745,352.65835,60.393,60.997,-0.1155,-0.1162,2.837227,2.837178,1.28E+00,289.082,92.5955,0.6445,(avg)
QE009438,25,.22GV464,7,Nov 24 2018,64.40823889,62.1664,70,TRUE,-0.09685,34.1372,34.1377,27.4146,27.4151,352.67025,20.45,20.652,-0.0959,-0.0978,2.831559,2.831438,2.62E+01,301.067,90.7299,0.8048,(avg)
QE009615,25,.22GV465,2,Nov 24 2018,64.40823889,62.1664,70,FALSE,0.246,34.4499,34.4493,27.6489,27.6485,348.65482,149.718,151.249,0.2465,0.2455,2.890156,2.890022,1.00E-12,233.181,95.5074,0.0644,(avg)
QE009574,25,.22GV466,8,Nov 24 2018,64.40823889,62.1664,70,TRUE,-0.0969,34.1363,34.1369,27.4139,27.4144,352.67439,10.106,10.206,-0.0961,-0.0977,2.830996,2.830906,6.78E+01,301.469,90.6464,0.7886,(avg)
QE009633,25,.22GV467,9,Nov 24 2018,64.40823889,62.1664,70,TRUE,-0.09045,34.135,34.1358,27.4124,27.4131,352.61894,1.431,1.445,-0.0898,-0.0911,2.831021,2.830968,1.97E+02,302.155,90.5882,0.4986,(avg)
QE009460,26,.22GV518,3,Nov 25 2018,64.6948,62.21041944,24,FALSE,-0.3721,34.4171,34.4309,27.654,27.6655,354.48229,100.308,101.323,-0.3683,-0.3759,2.833252,2.83364,5.78E-01,263.433,94.977,0.2122,(avg)
QE009542,26,.22GV519,4,Nov 25 2018,64.6948,62.21041944,24,FALSE,-0.2709,34.2636,34.2741,27.5251,27.5339,353.95308,59.609,60.207,-0.2685,-0.2733,2.828324,2.828705,4.27E+00,290.455,94.0957,0.6631,(avg)
QE009414,26,.22GV520,1,Nov 25 2018,64.6948,62.21041944,24,FALSE,-0.4844,34.525,34.5248,27.7466,27.7465,355.28659,250.083,252.708,-0.4839,-0.4849,2.83845,2.838349,1.00E-12,255.578,95.6206,-0.0701,(avg)
QE009572,26,.22GV521,2,Nov 25 2018,64.6948,62.21041944,24,FALSE,-0.42585,34.4885,34.4916,27.7143,27.717,354.80562,150.021,151.559,-0.4228,-0.4289,2.836272,2.835983,5.43E-02,255.348,95.6497,-0.0085,(avg)
QE009474,26,.22GV522,5,Nov 25 2018,64.6948,62.21041944,24,FALSE,-0.28575,34.196,34.2003,27.4713,27.4748,354.30194,50.364,50.868,-0.286,-0.2855,2.821356,2.82172,7.24E+00,296.848,93.465,0.9801,(avg)
QE009635,26,.22GV523,6,Nov 25 2018,64.6948,62.21041944,24,FALSE,-0.32865,34.1106,34.116,27.4049,27.4081,355.05661,39.982,40.381,-0.3413,-0.316,2.809854,2.812381,1.40E+01,299.919,93.3335,0.876,(avg)
QE009505,26,.22GV524,8,Nov 25 2018,64.6948,62.21041944,24,TRUE,-0.3105,33.7069,33.7092,27.0772,27.0791,355.85414,20.038,20.237,-0.3099,-0.3111,2.781367,2.781439,5.59E+01,321.838,91.4269,0.6505,(avg)
QE009391,26,.22GV525,7,Nov 25 2018,64.6948,62.21041944,24,FALSE,-0.1785,33.9342,33.9341,27.2546,27.2546,353.99068,34.966,35.315,-0.1782,-0.1788,2.810074,2.810019,2.22E+01,314.297,89.2341,1.6158,(avg)
QE009458,26,.22GV526,9,Nov 25 2018,64.6948,62.21041944,24,TRUE,-0.38455,33.6594,33.6624,27.0422,27.0445,356.70456,10.078,10.178,-0.3856,-0.3835,2.77108,2.771478,1.07E+02,322.424,92.6764,0.3402,(avg)
QE009451,26,.22GV527,10,Nov 25 2018,64.6948,62.21041944,24,TRUE,-0.42835,33.5941,33.5952,26.9912,26.9921,357.28714,0.484,0.489,-0.4279,-0.4288,2.76226,2.762265,3.16E+02,323.493,93.0392,0.1691,(avg)
QE009483,27,.22GV528,3,Nov 26 2018,64.84383889,63.93366111,60,FALSE,-0.2274,34.2138,34.2109,27.4827,27.4807,353.66743,100.236,101.252,-0.2239,-0.2309,2.830222,2.829414,6.08E-02,263.949,95.4034,0.2702,(avg)
QE009427,27,.22GV529,2,Nov 26 2018,64.84383889,63.93366111,60,FALSE,0.4837,34.4565,34.456,27.6406,27.6402,346.47164,150.275,151.817,0.4833,0.4841,2.91086,2.910891,1.00E-12,222.31,95.9262,0.0423,(avg)
QE009470,27,.22GV530,1,Nov 26 2018,64.84383889,63.93366111,60,FALSE,0.93825,34.5823,34.5814,27.7136,27.713,342.03796,250.535,253.168,0.9394,0.9371,2.964263,2.963991,1.00E-12,202.06,96.1855,-0.0492,(avg)
QE009441,27,.22GV531,6,Nov 26 2018,64.84383889,63.93366111,60,TRUE,-0.8483,33.8367,33.8366,27.2048,27.2047,360.67445,34.841,35.189,-0.8477,-0.8489,2.747095,2.74699,6.02E+00,335.765,91.939,1.1475,(avg)
QE009416,27,.22GV532,4,Nov 26 2018,64.84383889,63.93366111,60,TRUE,-0.76765,33.9089,33.9068,27.26,27.2586,359.669,59.911,60.512,-0.7648,-0.7705,2.760455,2.759822,9.80E-01,324.289,93.2553,0.7504,(avg)
QE009496,27,.22GV533,7,Nov 26 2018,64.84383889,63.93366111,60,TRUE,-0.8858,33.7884,33.791,27.1671,27.1693,361.17055,20.624,20.829,-0.8849,-0.8867,2.739806,2.739847,2.01E+01,346.655,89.1705,1.5715,(avg)
QE009464,27,.22GV534,8,Nov 26 2018,64.84383889,63.93366111,60,TRUE,-0.8594,33.7766,33.7753,27.1566,27.1554,360.97679,10.254,10.356,-0.8617,-0.8571,2.740377,2.740665,6.38E+01,350.651,88.073,1.6469,(avg)
QE009512,27,.22GV535,5,Nov 26 2018,64.84383889,63.93366111,60,TRUE,-0.84155,33.8475,33.8469,27.2133,27.2128,360.57627,49.724,50.222,-0.8407,-0.8424,2.749158,2.748973,1.98E+00,334.952,92.4322,0.8676,(avg)
QE009450,27,.22GV536,9,Nov 26 2018,64.84383889,63.93366111,60,TRUE,-0.84355,33.7714,33.7715,27.1517,27.1519,360.80644,0.394,0.398,-0.8427,-0.8444,2.741107,2.74098,2.21E+02,351.001,87.0866,1.0781,(avg)
spilled,20,spilled,3,Nov 22 2018,,,35,FALSE,0.03885,34.2858,34.2915,27.5279,27.532,351.05617,100.239,101.254,0.0342,0.0435,2.857427,2.858644,4.15E-02,265.295,93.9189,0.4699,(avg)
QE009643,NA,.22GV1,NA,,,,,,,,,,,,,,,,,,,,,,
