File_Name,QE_Name,Sample_Name,Cast_Number_SIO,Depth_m,MLD_depth_crit3,Bottle_Number,Date,Rosette_on_deck_local,Filtering_Start_time_local,Filtering_end_time_local
QE007271.mzXML,QE007271,L2 EXPORTS,6,500,20,1,8/15/2018,16:40,17:18,18:14
QE007272.mzXML,QE007272,L3 EXPORTS,6,330,20,3,8/15/2018,16:40,17:18,18:14
QE007273.mzXML,QE007273,L4 EXPORTS,6,195,20,5,8/15/2018,16:40,17:18,18:14
QE007274.mzXML,QE007274,L5 EXPORTS,6,145,20,7,8/15/2018,16:40,17:18,18:14
QE007276.mzXML,QE007276,L6 EXPORTS,6,95,20,11,8/15/2018,16:40,17:18,18:14
QE007277.mzXML,QE007277,L7 EXPORTS,6,65,20,15,8/15/2018,16:40,17:18,18:14
QE007278.mzXML,QE007278,L8 EXPORTS,6,50,20,17,8/15/2018,16:40,17:18,18:14
QE007279.mzXML,QE007279,L9 EXPORTS,6,35,20,19,8/15/2018,16:40,17:18,18:29
QE007280.mzXML,QE007280,L10 EXPORTS,6,20,20,21,8/15/2018,16:40,17:18,18:14
QE007281.mzXML,QE007281,L11 EXPORTS,6,5,20,23,8/15/2018,16:40,17:18,18:14
QE007529.mzXML,QE007529,L84 EXPORTS,RESPIRE,195,,NA,8/15/2018,,,
QE007530.mzXML,QE007530,L82 EXPORTS,RESPIRE,95,,NA,8/15/2018,,,
QE007531.mzXML,QE007531,L83 EXPORTS,RESPIRE,NA,,NA,8/15/2018,,,
QE007536.mzXML,QE007536,L85 EXPORTS 2nd time lucky,RESPIRE,145,,NA,8/15/2018,,,
QE007282.mzXML,QE007282,L12 EXPORTS,9,195,23.2,5,8/16/2018,,18:20,18:53
QE007283.mzXML,QE007283,L13 EXPORTS,9,95,23.2,11,8/16/2018,,18:20,18:53
QE007285.mzXML,QE007285,L14 EXPORTS,9,65,23.2,15,8/16/2018,,18:20,18:53
QE007286.mzXML,QE007286,L15 EXPORTS,9,5,23.2,23,8/16/2018,,18:20,19:00
QE007287.mzXML,QE007287,L16 EXPORTS,9,500,23.2,1,8/16/2018,,18:20,18:57
QE007288.mzXML,QE007288,L17 EXPORTS,9,330,23.2,3,8/16/2018,,18:20,18:57
QE007289.mzXML,QE007289,L18 EXPORTS,9,145,23.2,7,8/16/2018,,18:20,19:00
QE007290.mzXML,QE007290,L19 EXPORTS,9,20,23.2,21,8/16/2018,,18:20,19:00
QE007291.mzXML,QE007291,L20 EXPORTS,9,35,23.2,19,8/16/2018,,18:20,19:00
QE007292.mzXML,QE007292,L21 EXPORTS,9,50,23.2,17,8/16/2018,,18:20,19:00
QE007188.mzXML,QE007188,L22 EXPORTS,11,500,26.3,1,8/17/2018,14:20,14:39,15:45
QE007189.mzXML,QE007189,L23 EXPORTS,11,330,26.3,3,8/17/2018,14:20,14:39,15:45
QE007190.mzXML,QE007190,L24 EXPORTS,11,195,26.3,5,8/17/2018,14:20,14:39,15:45
QE007191.mzXML,QE007191,L25 EXPORTS,11,145,26.3,7,8/17/2018,14:20,14:39,15:45
QE007192.mzXML,QE007192,L26 EXPORTS,11,110,26.3,9,8/17/2018,14:20,14:39,15:45
QE007193.mzXML,QE007193,L27 EXPORTS,11,95,26.3,11,8/17/2018,14:20,14:39,15:45
QE007194.mzXML,QE007194,L28 EXPORTS,11,80,26.3,13,8/17/2018,14:20,14:39,15:45
QE007195.mzXML,QE007195,L29 EXPORTS,11,65,26.3,15,8/17/2018,14:20,14:39,15:45
QE007197.mzXML,QE007197,L30 EXPORTS,11,50,26.3,17,8/17/2018,14:20,14:39,15:45
QE007198.mzXML,QE007198,L31 EXPORTS,11,35,26.3,19,8/17/2018,14:20,14:39,15:45
QE007199.mzXML,QE007199,L32 EXPORTS,11,20,26.3,21,8/17/2018,14:20,14:39,15:45
QE007200.mzXML,QE007200,L33 EXPORTS,11,5,26.3,23,8/17/2018,14:20,14:39,15:45
QE007201.mzXML,QE007201,L34 EXPORTS,16,500,26.6,1,8/18/2018,14:01,14:50,15:55
QE007202.mzXML,QE007202,L35 EXPORTS,16,330,26.6,3,8/18/2018,14:01,14:50,15:55
QE007203.mzXML,QE007203,L36 EXPORTS,16,195,26.6,5,8/18/2018,14:01,14:50,15:55
QE007204.mzXML,QE007204,L37 EXPORTS,16,145,26.6,7,8/18/2018,14:01,14:50,15:55
QE007206.mzXML,QE007206,L38 EXPORTS,16,110,26.6,9,8/18/2018,14:01,14:50,15:55
QE007207.mzXML,QE007207,L39 EXPORTS,16,95,26.6,11,8/18/2018,14:01,14:50,15:55
QE007208.mzXML,QE007208,L40 EXPORTS,16,80,26.6,13,8/18/2018,14:01,14:50,15:55
QE007209.mzXML,QE007209,L41 EXPORTS,16,65,26.6,15,8/18/2018,14:01,14:50,15:55
QE007210.mzXML,QE007210,L42 EXPORTS,16,50,26.6,17,8/18/2018,14:01,14:50,15:55
QE007211.mzXML,QE007211,L43 EXPORTS,16,35,26.6,19,8/18/2018,14:01,14:50,15:55
QE007212.mzXML,QE007212,L44 EXPORTS,16,20,26.6,21,8/18/2018,14:01,14:50,15:55
QE007214.mzXML,QE007214,L45 EXPORTS,16,5,26.6,23,8/18/2018,14:01,14:50,15:55
QE007294.mzXML,QE007294,L46 EXPORTS,18,500,30.2,1,8/19/2018,14:20,14:50,16:15
QE007295.mzXML,QE007295,L47 EXPORTS,18,330,30.2,3,8/19/2018,14:20,14:50,16:15
QE007296.mzXML,QE007296,L48 EXPORTS,18,195,30.2,5,8/19/2018,14:20,14:50,16:15
QE007297.mzXML,QE007297,L49 EXPORTS,18,145,30.2,7,8/19/2018,14:20,14:50,16:15
QE007298.mzXML,QE007298,L50 EXPORTS,18,110,30.2,9,8/19/2018,14:20,14:50,16:15
QE007299.mzXML,QE007299,L51 EXPORTS,18,95,30.2,11,8/19/2018,14:20,14:50,16:15
QE007300.mzXML,QE007300,L52 EXPORTS,18,80,30.2,13,8/19/2018,14:20,14:50,16:15
QE007301.mzXML,QE007301,L53 EXPORTS,18,65,30.2,15,8/19/2018,14:20,14:50,16:15
QE007303.mzXML,QE007303,L54 EXPORTS,18,50,30.2,17,8/19/2018,14:20,14:50,16:15
QE007304.mzXML,QE007304,L55 EXPORTS,18,35,30.2,19,8/19/2018,14:20,14:50,16:15
QE007305.mzXML,QE007305,L56 EXPORTS,18,20,30.2,21,8/19/2018,14:20,14:50,16:15
QE007306.mzXML,QE007306,L57 EXPORTS,18,5,30.2,23,8/19/2018,14:20,14:50,16:15
QE007307.mzXML,QE007307,L58 EXPORTS,23,500,35.9,1,8/20/2018,14:14,14:54,16:21
QE007308.mzXML,QE007308,L59 EXPORTS,23,330,35.9,3,8/20/2018,14:14,14:54,16:21
QE007309.mzXML,QE007309,L60 EXPORTS,23,195,35.9,5,8/20/2018,14:14,14:54,16:21
QE007310.mzXML,QE007310,L61 EXPORTS,23,145,35.9,8,8/20/2018,14:14,14:54,16:21
QE007312.mzXML,QE007312,L62 EXPORTS,23,110,35.9,10,8/20/2018,14:14,14:54,16:21
QE007313.mzXML,QE007313,L63 EXPORTS,23,95,35.9,12,8/20/2018,14:14,14:54,16:21
QE007314.mzXML,QE007314,L64 EXPORTS,23,80,35.9,14,8/20/2018,14:14,14:54,16:21
QE007315.mzXML,QE007315,L65 EXPORTS,23,65,35.9,16,8/20/2018,14:14,14:54,16:21
QE007316.mzXML,QE007316,L66 EXPORTS,23,50,35.9,18,8/20/2018,14:14,14:54,16:21
QE007317.mzXML,QE007317,L67 EXPORTS,23,35,35.9,20,8/20/2018,14:14,14:54,16:21
QE007318.mzXML,QE007318,L68 EXPORTS,23,20,35.9,22,8/20/2018,14:14,14:54,16:21
QE007319.mzXML,QE007319,L69 EXPORTS,23,5,35.9,24,8/20/2018,14:14,14:54,16:21
QE007321.mzXML,QE007321,L70 EXPORTS,25,500,35.4,1,8/21/2018,,20:06,21:30
QE007322.mzXML,QE007322,L71 EXPORTS,25,330,35.4,3,8/21/2018,,20:06,21:30
QE007323.mzXML,QE007323,L72 EXPORTS,25,195,35.4,5,8/21/2018,,20:06,21:30
QE007324.mzXML,QE007324,L73 EXPORTS,25,145,35.4,7,8/21/2018,,20:06,21:30
QE007325.mzXML,QE007325,L74 EXPORTS,25,110,35.4,9,8/21/2018,,20:06,21:30
QE007326.mzXML,QE007326,L75 EXPORTS,25,95,35.4,11,8/21/2018,,20:06,21:30
QE007327.mzXML,QE007327,L76 EXPORTS,25,80,35.4,13,8/21/2018,,20:06,21:30
QE007328.mzXML,QE007328,L77 EXPORTS,25,65,35.4,15,8/21/2018,,20:06,21:30
QE007343.mzXML,QE007343,L78 EXPORTS,25,50,35.4,17,8/21/2018,,20:06,21:30
QE007344.mzXML,QE007344,L79 EXPORTS,25,35,35.4,19,8/21/2018,,20:06,21:30
QE007345.mzXML,QE007345,L80 EXPORTS,25,20,35.4,21,8/21/2018,,20:06,21:30
QE007346.mzXML,QE007346,L81 EXPORTS,25,5,35.4,23,8/21/2018,,20:06,21:30
QE007348.mzXML,QE007348,L86 EXPORTS,27,500,35.5,1,8/22/2018,23:15,14:32,16:20
QE007349.mzXML,QE007349,L87 EXPORTS,27,330,35.5,3,8/22/2018,23:15,14:32,16:20
QE007350.mzXML,QE007350,L88 EXPORTS,27,195,35.5,5,8/22/2018,23:15,14:32,16:20
QE007351.mzXML,QE007351,L89 EXPORTS,27,145,35.5,7,8/22/2018,23:15,14:32,16:20
QE007354.mzXML,QE007354,L90 EXPORTS,27,110,35.5,9,8/22/2018,23:15,14:32,16:20
QE007355.mzXML,QE007355,L91 EXPORTS,27,95,35.5,11,8/22/2018,23:15,14:32,16:20
QE007356.mzXML,QE007356,L92 EXPORTS,27,80,35.5,13,8/22/2018,23:15,14:32,16:20
QE007357.mzXML,QE007357,L93 EXPORTS,27,65,35.5,15,8/22/2018,23:15,14:32,16:20
QE007359.mzXML,QE007359,L94 EXPORTS,27,50,35.5,17,8/22/2018,23:15,14:32,16:20
QE007360.mzXML,QE007360,L95 EXPORTS,27,35,35.5,19,8/22/2018,23:15,14:32,16:20
QE007361.mzXML,QE007361,L96 EXPORTS,27,20,35.5,21,8/22/2018,23:15,14:32,16:20
QE007362.mzXML,QE007362,L97 EXPORTS,27,5,35.5,23,8/22/2018,23:15,14:32,16:20
QE007363.mzXML,QE007363,L98 EXPORTS,31,500,34.8,1,8/23/2018,14:15,14:43,16:47
QE007364.mzXML,QE007364,L99 EXPORTS,31,330,34.8,3,8/23/2018,14:15,14:43,16:47
QE007365.mzXML,QE007365,L100 EXPORTS,31,195,34.8,5,8/23/2018,14:15,14:43,16:47
QE007378.mzXML,QE007378,L102 EXPORTS,31,110,34.8,9,8/23/2018,14:15,14:43,16:47
QE007379.mzXML,QE007379,L103 EXPORTS,31,95,34.8,11,8/23/2018,14:15,14:43,16:47
QE007380.mzXML,QE007380,L105 EXPORTS,31,65,34.8,13,8/23/2018,14:15,14:43,16:47
QE007381.mzXML,QE007381,L106 EXPORTS,31,50,34.8,17,8/23/2018,14:15,14:43,16:47
QE007382.mzXML,QE007382,L107 EXPORTS,31,35,34.8,19,8/23/2018,14:15,14:43,16:47
QE007383.mzXML,QE007383,L108 EXPORTS,31,20,34.8,21,8/23/2018,14:15,14:43,16:47
QE007384.mzXML,QE007384,L109 EXPORTS,31,5,34.8,23,8/23/2018,14:15,14:43,16:47
QE007386.mzXML,QE007386,L110 EXPORTS,35,500,33.2,1,8/24/2018,,18:58,21:00
QE007387.mzXML,QE007387,L111 EXPORTS,35,330,33.2,3,8/24/2018,,18:58,21:00
QE007392.mzXML,QE007392,L112 EXPORTS,35,195,33.2,5,8/24/2018,,18:58,21:00
QE007393.mzXML,QE007393,L113 EXPORTS,35,145,33.2,7,8/24/2018,,18:58,21:00
QE007395.mzXML,QE007395,L115 EXPORTS,35,95,33.2,11,8/24/2018,,18:58,21:00
QE007396.mzXML,QE007396,L116 EXPORTS,35,80,33.2,13,8/24/2018,,18:58,21:00
QE007397.mzXML,QE007397,L117 EXPORTS,35,65,33.2,15,8/24/2018,,18:58,21:00
QE007399.mzXML,QE007399,L118 EXPORTS,35,50,33.2,17,8/24/2018,,18:58,21:00
QE007400.mzXML,QE007400,L119 EXPORTS,35,35,33.2,19,8/24/2018,,18:58,21:00
QE007401.mzXML,QE007401,L120 EXPORTS,35,20,33.2,21,8/24/2018,,18:58,21:00
QE007402.mzXML,QE007402,L121 EXPORTS,35,5,33.2,23,8/24/2018,,18:58,21:00
QE007394.mzXML,QE007394,L114 EXPORTS,37,500,27.9,1,8/25/2018,14:05,15:20,16:30
QE007403.mzXML,QE007403,L122 EXPORTS,37,330,27.9,3,8/25/2018,14:05,15:20,16:30
QE007404.mzXML,QE007404,L123 EXPORTS,37,195,27.9,5,8/25/2018,14:05,15:20,16:30
QE007405.mzXML,QE007405,L124 EXPORTS,37,145,27.9,7,8/25/2018,14:05,15:20,16:30
QE007406.mzXML,QE007406,L125 EXPORTS,37,110,27.9,9,8/25/2018,14:05,15:20,16:30
QE007408.mzXML,QE007408,L126 EXPORTS,37,95,27.9,11,8/25/2018,14:05,15:20,16:30
QE007409.mzXML,QE007409,L127 EXPORTS,37,80,27.9,13,8/25/2018,14:05,15:20,16:30
QE007410.mzXML,QE007410,L128 EXPORTS,37,65,27.9,15,8/25/2018,14:05,15:20,16:30
QE007411.mzXML,QE007411,L129 EXPORTS,37,50,27.9,17,8/25/2018,14:05,15:20,16:30
QE007412.mzXML,QE007412,L130 EXPORTS,37,35,27.9,19,8/25/2018,14:05,15:20,16:30
QE007413.mzXML,QE007413,L131 EXPORTS,37,20,27.9,21,8/25/2018,14:05,15:20,16:30
QE007414.mzXML,QE007414,L132 EXPORTS,37,5,27.9,23,8/25/2018,14:05,15:20,16:30
QE007215.mzXML,QE007215,L133 EXPORTS,42,500,26.8,1,8/26/2018,,14:55,16:45
QE007216.mzXML,QE007216,L134 EXPORTS,42,330,26.8,3,8/26/2018,,14:55,16:45
QE007217.mzXML,QE007217,L135 EXPORTS,42,195,26.8,5,8/26/2018,,14:55,16:45
QE007218.mzXML,QE007218,L136 EXPORTS,42,145,26.8,7,8/26/2018,,14:55,16:45
QE007219.mzXML,QE007219,L137 EXPORTS,42,110,26.8,9,8/26/2018,,14:55,16:45
QE007220.mzXML,QE007220,L138 EXPORTS,42,95,26.8,11,8/26/2018,,14:55,16:45
QE007221.mzXML,QE007221,L139 EXPORTS,42,80,26.8,13,8/26/2018,,14:55,16:45
QE007223.mzXML,QE007223,L140 EXPORTS,42,65,26.8,15,8/26/2018,,14:55,16:45
QE007224.mzXML,QE007224,L141 EXPORTS,42,50,26.8,17,8/26/2018,,14:55,16:45
QE007225.mzXML,QE007225,L142 EXPORTS,42,35,26.8,19,8/26/2018,,14:55,16:45
QE007226.mzXML,QE007226,L143 EXPORTS,42,20,26.8,21,8/26/2018,,14:55,16:45
QE007227.mzXML,QE007227,L144 EXPORTS,42,5,26.8,23,8/26/2018,,14:55,16:45
QE007228.mzXML,QE007228,L145 EXPORTS,45,500,NA,1,8/27/2018,14:00,14:27,16:25
QE007229.mzXML,QE007229,L146 EXPORTS,45,330,NA,3,8/27/2018,14:00,14:27,16:25
QE007230.mzXML,QE007230,L147 EXPORTS,45,195,NA,5,8/27/2018,14:00,14:27,16:25
QE007232.mzXML,QE007232,L148 EXPORTS,45,145,NA,7,8/27/2018,14:00,14:27,16:25
QE007233.mzXML,QE007233,L149 EXPORTS,45,110,NA,9,8/27/2018,14:00,14:27,16:25
QE007234.mzXML,QE007234,L150 EXPORTS,45,95,NA,11,8/27/2018,14:00,14:27,16:25
QE007235.mzXML,QE007235,L151 EXPORTS,45,80,NA,13,8/27/2018,14:00,14:27,16:25
QE007236.mzXML,QE007236,L152 EXPORTS,45,65,NA,15,8/27/2018,14:00,14:27,16:25
QE007237.mzXML,QE007237,L153 EXPORTS,45,50,NA,17,8/27/2018,14:00,14:27,16:25
QE007238.mzXML,QE007238,L154 EXPORTS,45,35,NA,19,8/27/2018,14:00,14:27,16:25
QE007239.mzXML,QE007239,L155 EXPORTS,45,20,NA,21,8/27/2018,14:00,14:27,16:25
QE007241.mzXML,QE007241,L156 EXPORTS,45,5,NA,23,8/27/2018,14:00,14:27,16:25
QE007460.mzXML,QE007460,L157 EXPORTS,49,500,21.8,1,8/28/2018,,14:30,16:28
QE007462.mzXML,QE007462,L158 EXPORTS,49,330,21.8,3,8/28/2018,,14:30,16:28
QE007463.mzXML,QE007463,L159 EXPORTS,49,195,21.8,5,8/28/2018,,14:30,16:28
QE007464.mzXML,QE007464,L160 EXPORTS,49,145,21.8,7,8/28/2018,,14:30,16:28
QE007465.mzXML,QE007465,L161 EXPORTS,49,110,21.8,9,8/28/2018,,14:30,16:28
QE007466.mzXML,QE007466,L162 EXPORTS,49,95,21.8,11,8/28/2018,,14:30,16:28
QE007467.mzXML,QE007467,L163 EXPORTS,49,80,21.8,13,8/28/2018,,14:30,16:28
QE007468.mzXML,QE007468,L164 EXPORTS,49,65,21.8,15,8/28/2018,,14:30,16:28
QE007469.mzXML,QE007469,L165 EXPORTS,49,50,21.8,17,8/28/2018,,14:30,16:28
QE007471.mzXML,QE007471,L166 EXPORTS,49,35,21.8,19,8/28/2018,,14:30,16:28
QE007472.mzXML,QE007472,L167 EXPORTS,49,20,21.8,21,8/28/2018,,14:30,16:28
QE007473.mzXML,QE007473,L168 EXPORTS,49,5,21.8,23,8/28/2018,,14:30,16:28
QE007474.mzXML,QE007474,L169 EXPORTS,52,500,22.7,1,8/29/2018,17:05,17:35,19:45
QE007475.mzXML,QE007475,L170 EXPORTS,52,330,22.7,3,8/29/2018,17:05,17:35,19:45
QE007476.mzXML,QE007476,L171 EXPORTS,52,195,22.7,5,8/29/2018,17:05,17:35,19:45
QE007477.mzXML,QE007477,L172 EXPORTS,52,145,22.7,7,8/29/2018,17:05,17:35,19:45
QE007478.mzXML,QE007478,L173 EXPORTS,52,110,22.7,9,8/29/2018,17:05,17:35,19:45
QE007480.mzXML,QE007480,L174 EXPORTS,52,95,22.7,11,8/29/2018,17:05,17:35,19:45
QE007481.mzXML,QE007481,L175 EXPORTS,52,80,22.7,13,8/29/2018,17:05,17:35,19:45
QE007482.mzXML,QE007482,L176 EXPORTS,52,65,22.7,15,8/29/2018,17:05,17:35,19:45
QE007483.mzXML,QE007483,L177 EXPORTS,52,50,22.7,17,8/29/2018,17:05,17:35,19:45
QE007484.mzXML,QE007484,L178 EXPORTS,52,35,22.7,19,8/29/2018,17:05,17:35,19:45
QE007485.mzXML,QE007485,L179 EXPORTS,52,20,22.7,21,8/29/2018,17:05,17:35,19:45
QE007486.mzXML,QE007486,L180 EXPORTS,52,5,22.7,23,8/29/2018,17:05,17:35,19:45
QE007415.mzXML,QE007415,L183 EXPORTS,55,195,28.5,5,8/30/2018,,14:40,16:40
QE007417.mzXML,QE007417,L184 EXPORTS,55,145,28.5,7,8/30/2018,,14:40,16:40
QE007418.mzXML,QE007418,L185 EXPORTS,55,110,28.5,9,8/30/2018,,14:40,16:40
QE007419.mzXML,QE007419,L186 EXPORTS,55,95,28.5,11,8/30/2018,,14:40,16:40
QE007420.mzXML,QE007420,L187 EXPORTS,55,80,28.5,13,8/30/2018,,14:40,16:40
QE007421.mzXML,QE007421,L188 EXPORTS,55,65,28.5,15,8/30/2018,,14:40,16:40
QE007422.mzXML,QE007422,L189 EXPORTS,55,50,28.5,17,8/30/2018,,14:40,16:40
QE007423.mzXML,QE007423,L190 EXPORTS,55,35,28.5,19,8/30/2018,,14:40,16:40
QE007424.mzXML,QE007424,L191 EXPORTS,55,20,28.5,21,8/30/2018,,14:40,16:40
QE007426.mzXML,QE007426,L192 EXPORTS,55,5,28.5,23,8/30/2018,,14:40,16:40
QE007427.mzXML,QE007427,L193 EXPORTS,55,330,28.5,4,8/30/2018,,14:40,16:40
QE007428.mzXML,QE007428,L194 EXPORTS,55,500,28.5,1,8/30/2018,,14:40,16:40
QE007429.mzXML,QE007429,L195 EXPORTS,59,500,26.7,1,8/31/2018,17:00,17:29,20:10
QE007430.mzXML,QE007430,L196 EXPORTS,59,330,26.7,3,8/31/2018,17:00,17:29,20:10
QE007431.mzXML,QE007431,L197 EXPORTS,59,195,26.7,5,8/31/2018,17:00,17:29,20:10
QE007432.mzXML,QE007432,L198 EXPORTS,59,145,26.7,7,8/31/2018,17:00,17:29,20:10
QE007433.mzXML,QE007433,L199 EXPORTS,59,110,26.7,9,8/31/2018,17:00,17:29,20:10
QE007435.mzXML,QE007435,L200 EXPORTS,59,95,26.7,11,8/31/2018,17:00,17:29,20:10
QE007436.mzXML,QE007436,L201 EXPORTS,59,80,26.7,13,8/31/2018,17:00,17:29,20:10
QE007437.mzXML,QE007437,L202 EXPORTS,59,65,26.7,15,8/31/2018,17:00,17:29,20:10
QE007438.mzXML,QE007438,L203 EXPORTS,59,50,26.7,17,8/31/2018,17:00,17:29,20:10
QE007439.mzXML,QE007439,L204 EXPORTS,59,35,26.7,19,8/31/2018,17:00,17:29,20:10
QE007440.mzXML,QE007440,L205 EXPORTS,59,20,26.7,21,8/31/2018,17:00,17:29,20:10
QE007441.mzXML,QE007441,L206 EXPORTS,59,5,26.7,23,8/31/2018,17:00,17:29,20:10
QE007442.mzXML,QE007442,L207 EXPORTS,63,500,36.9,1,9/1/2018,17:30,18:10,20:30
QE007444.mzXML,QE007444,L208 EXPORTS,63,330,36.9,3,9/1/2018,17:30,18:10,20:30
QE007445.mzXML,QE007445,L209 EXPORTS,63,195,36.9,5,9/1/2018,17:30,18:10,20:30
QE007446.mzXML,QE007446,L210 EXPORTS,63,145,36.9,7,9/1/2018,17:30,18:10,20:30
QE007447.mzXML,QE007447,L211 EXPORTS,63,110,36.9,9,9/1/2018,17:30,18:10,20:30
QE007448.mzXML,QE007448,L212 EXPORTS,63,95,36.9,11,9/1/2018,17:30,18:10,20:30
QE007449.mzXML,QE007449,L213 EXPORTS,63,80,36.9,13,9/1/2018,17:30,18:10,20:30
QE007450.mzXML,QE007450,L214 EXPORTS,63,65,36.9,15,9/1/2018,17:30,18:10,20:30
QE007451.mzXML,QE007451,L215 EXPORTS,63,50,36.9,17,9/1/2018,17:30,18:10,20:30
QE007453.mzXML,QE007453,L216 EXPORTS,63,35,36.9,19,9/1/2018,17:30,18:10,20:30
QE007454.mzXML,QE007454,L217 EXPORTS,63,20,36.9,21,9/1/2018,17:30,18:10,20:30
QE007455.mzXML,QE007455,L218 EXPORTS,63,5,36.9,23,9/1/2018,17:30,18:10,20:30
QE007330.mzXML,QE007330,L219 EXPORTS,65,500,37.8,1,9/2/2018,14:00,14:23,15:45
QE007331.mzXML,QE007331,L220 EXPORTS,65,330,37.8,3,9/2/2018,14:00,14:23,15:45
QE007332.mzXML,QE007332,L221 EXPORTS,65,195,37.8,5,9/2/2018,14:00,14:23,15:45
QE007333.mzXML,QE007333,L222 EXPORTS,65,145,37.8,7,9/2/2018,14:00,14:23,15:45
QE007334.mzXML,QE007334,L223 EXPORTS,65,110,37.8,9,9/2/2018,14:00,14:23,15:45
QE007335.mzXML,QE007335,L224 EXPORTS,65,95,37.8,11,9/2/2018,14:00,14:23,15:45
QE007336.mzXML,QE007336,L225 EXPORTS,65,80,37.8,13,9/2/2018,14:00,14:23,15:45
QE007337.mzXML,QE007337,L226 EXPORTS,65,65,37.8,15,9/2/2018,14:00,14:23,15:45
QE007339.mzXML,QE007339,L227 EXPORTS,65,50,37.8,17,9/2/2018,14:00,14:23,15:45
QE007340.mzXML,QE007340,L228 EXPORTS,65,35,37.8,19,9/2/2018,14:00,14:23,15:45
QE007341.mzXML,QE007341,L229 EXPORTS,65,20,37.8,21,9/2/2018,14:00,14:23,15:45
QE007342.mzXML,QE007342,L230 EXPORTS,65,5,37.8,23,9/2/2018,14:00,14:23,15:45
QE007456.mzXML,QE007456,L231 EXPORTS,70,500,34.3,1,9/3/2018,14:00,14:35,16:10
QE007457.mzXML,QE007457,L232 EXPORTS,70,330,34.3,3,9/3/2018,14:00,14:35,16:10
QE007458.mzXML,QE007458,L233 EXPORTS,70,195,34.3,5,9/3/2018,14:00,14:35,16:10
QE007459.mzXML,QE007459,L234 EXPORTS,70,145,34.3,7,9/3/2018,14:00,14:35,16:10
QE007490.mzXML,QE007490,L235 EXPORTS,70,110,34.3,9,9/3/2018,14:00,14:35,16:10
QE007491.mzXML,QE007491,L236 EXPORTS,70,95,34.3,11,9/3/2018,14:00,14:35,16:10
QE007492.mzXML,QE007492,L237 EXPORTS,70,80,34.3,13,9/3/2018,14:00,14:35,16:10
QE007493.mzXML,QE007493,L238 EXPORTS,70,65,34.3,15,9/3/2018,14:00,14:35,16:10
QE007494.mzXML,QE007494,L239 EXPORTS,70,50,34.3,17,9/3/2018,14:00,14:35,16:10
QE007495.mzXML,QE007495,L240 EXPORTS,70,35,34.3,19,9/3/2018,14:00,14:35,16:10
QE007496.mzXML,QE007496,L241 EXPORTS,70,20,34.3,21,9/3/2018,14:00,14:35,16:10
QE007498.mzXML,QE007498,L242 EXPORTS,70,5,34.3,23,9/3/2018,14:00,14:35,16:10
QE007499.mzXML,QE007499,L243 EXPORTS,73,500,34.4,1,9/4/2018,14:10,14:30,16:30
QE007500.mzXML,QE007500,L244 EXPORTS,73,330,34.4,3,9/4/2018,14:10,14:30,16:30
QE007501.mzXML,QE007501,L245 EXPORTS,73,195,34.4,5,9/4/2018,14:10,14:30,16:30
QE007502.mzXML,QE007502,L246 EXPORTS,73,145,34.4,7,9/4/2018,14:10,14:30,16:30
QE007503.mzXML,QE007503,L247 EXPORTS,73,110,34.4,9,9/4/2018,14:10,14:30,16:30
QE007504.mzXML,QE007504,L248 EXPORTS,73,95,34.4,11,9/4/2018,14:10,14:30,16:30
QE007505.mzXML,QE007505,L249 EXPORTS,73,80,34.4,13,9/4/2018,14:10,14:30,16:30
QE007507.mzXML,QE007507,L250 EXPORTS,73,65,34.4,15,9/4/2018,14:10,14:30,16:30
QE007508.mzXML,QE007508,L251 EXPORTS,73,50,34.4,17,9/4/2018,14:10,14:30,16:30
QE007509.mzXML,QE007509,L252 EXPORTS,73,35,34.4,19,9/4/2018,14:10,14:30,16:30
QE007510.mzXML,QE007510,L253 EXPORTS,73,20,34.4,21,9/4/2018,14:10,14:30,16:30
QE007511.mzXML,QE007511,L254 EXPORTS,73,5,34.4,23,9/4/2018,14:10,14:30,16:30
QE007243.mzXML,QE007243,L255 EXPORTS,76,500,34.2,1,9/5/2018,14:10,14:30,16:00
QE007244.mzXML,QE007244,L256 EXPORTS,76,330,34.2,3,9/5/2018,14:10,14:30,16:00
QE007245.mzXML,QE007245,L257 EXPORTS,76,195,34.2,5,9/5/2018,14:10,14:30,16:00
QE007246.mzXML,QE007246,L258 EXPORTS,76,145,34.2,8,9/5/2018,14:10,14:30,16:00
QE007247.mzXML,QE007247,L259 EXPORTS,76,110,34.2,10,9/5/2018,14:10,14:30,16:00
QE007248.mzXML,QE007248,L260 EXPORTS,76,95,34.2,12,9/5/2018,14:10,14:30,16:00
QE007250.mzXML,QE007250,L261 EXPORTS,76,80,34.2,14,9/5/2018,14:10,14:30,16:00
QE007251.mzXML,QE007251,L262 EXPORTS,76,65,34.2,16,9/5/2018,14:10,14:30,16:00
QE007252.mzXML,QE007252,L263 EXPORTS,76,50,34.2,18,9/5/2018,14:10,14:30,16:00
QE007253.mzXML,QE007253,L264 EXPORTS,76,35,34.2,20,9/5/2018,14:10,14:30,16:00
QE007254.mzXML,QE007254,L265 EXPORTS,76,20,34.2,22,9/5/2018,14:10,14:30,16:00
QE007255.mzXML,QE007255,L266 EXPORTS,76,5,34.2,24,9/5/2018,14:10,14:30,16:00
QE007256.mzXML,QE007256,L267 EXPORTS,79,500,30,1,9/6/2018,17:45,18:05,19:30
QE007257.mzXML,QE007257,L268 EXPORTS,79,330,30,3,9/6/2018,17:45,18:05,19:30
QE007259.mzXML,QE007259,L269 EXPORTS,79,195,30,5,9/6/2018,17:45,18:05,19:30
QE007260.mzXML,QE007260,L270 EXPORTS,79,145,30,7,9/6/2018,17:45,18:05,19:30
QE007261.mzXML,QE007261,L271 EXPORTS,79,110,30,9,9/6/2018,17:45,18:05,19:30
QE007262.mzXML,QE007262,L272 EXPORTS,79,95,30,11,9/6/2018,17:45,18:05,19:30
QE007263.mzXML,QE007263,L273 EXPORTS,79,80,30,13,9/6/2018,17:45,18:05,19:30
QE007264.mzXML,QE007264,L274 EXPORTS,79,65,30,15,9/6/2018,17:45,18:05,19:30
QE007265.mzXML,QE007265,L275 EXPORTS,79,50,30,17,9/6/2018,17:45,18:05,19:30
QE007266.mzXML,QE007266,L276A EXPORTS,79,35,30,19,9/6/2018,17:45,18:05,19:30
QE007268.mzXML,QE007268,L276B EXPORTS,79,35,30,19,9/6/2018,17:45,18:05,19:30
QE007269.mzXML,QE007269,L277 EXPORTS,79,20,30,21,9/6/2018,17:45,18:05,19:30
QE007270.mzXML,QE007270,L278 EXPORTS,79,5,30,23,9/6/2018,17:45,18:05,19:30
QE007512.mzXML,QE007512,L279 EXPORTS,RESPIRE ,105,,NA,9/7/2018,,,
QE007513.mzXML,QE007513,L280 EXPORTS,RESPIRE,155,,NA,9/7/2018,,,
QE007514.mzXML,QE007514,L281 EXPORTS,RESPIRE,205,,NA,9/7/2018,,,
QE007516.mzXML,QE007516,L282 EXPORTS,82,500,37.7,1,9/7/2018,14:10,14:45,15:10
QE007517.mzXML,QE007517,L283 EXPORTS,82,330,37.7,3,9/7/2018,14:10,14:45,15:10
QE007518.mzXML,QE007518,L284 EXPORTS,82,195,37.7,5,9/7/2018,14:10,14:45,15:10
QE007519.mzXML,QE007519,L285 EXPORTS,82,145,37.7,7,9/7/2018,14:10,14:45,15:10
QE007520.mzXML,QE007520,L286 EXPORTS,82,110,37.7,9,9/7/2018,14:10,14:45,15:10
QE007521.mzXML,QE007521,L287 EXPORTS,82,95,37.7,11,9/7/2018,14:10,14:45,15:10
QE007522.mzXML,QE007522,L288 EXPORTS,82,80,37.7,13,9/7/2018,14:10,14:45,15:10
QE007524.mzXML,QE007524,L289 EXPORTS,82,65,37.7,15,9/7/2018,14:10,14:45,15:10
QE007525.mzXML,QE007525,L290 EXPORTS,82,50,37.7,17,9/7/2018,14:10,14:45,15:10
QE007526.mzXML,QE007526,L291 EXPORTS,82,35,37.7,19,9/7/2018,14:10,14:45,15:10
QE007527.mzXML,QE007527,L292 EXPORTS,82,20,37.7,21,9/7/2018,14:10,14:45,15:10
QE007528.mzXML,QE007528,L293 EXPORTS,82,5,37.7,23,9/7/2018,14:10,14:45,15:10
QE007270_20190417095306.mzXML,QE007270_20190417095306,L1 EXPORTS,NA,NA,,NA,NA,NA,NA,NA
QE007366.mzXML,QE007366,Ectraction Blank 3/27 1,,,,,,,,
QE007368.mzXML,QE007368,Ectraction Blank 3/25 1,,,,,,,,
QE007369.mzXML,QE007369,Ectraction Blank 3/26 2,,,,,,,,
QE007370.mzXML,QE007370,Ectraction Blank 3/25 2,,,,,,,,
QE007371.mzXML,QE007371,Ectraction Blank 3/26 1,,,,,,,,
QE007372.mzXML,QE007372,Ectraction Blank 4/6 2,,,,,,,,
QE007373.mzXML,QE007373,Ectraction Blank 4/7 1,,,,,,,,
QE007374.mzXML,QE007374,Ectraction Blank 4/7 2,,,,,,,,
QE007375.mzXML,QE007375,Ectraction Blank 4/6 1,,,,,,,,
QE007377.mzXML,QE007377,L34 EXPORTS,,,,,,,,
QE007487.mzXML,QE007487,L181 EXPORTS,RESPIRE,NA,,1,,,,
QE007489.mzXML,QE007489,L182 EXPORTS,RESPIRE,NA,,3,,,,
QE007537.mzXML,QE007537,RR64 G EXPORTS,,,,,,,,
QE007538.mzXML,QE007538,RR63 G EXPORTS,,,,,,,,
QE007539.mzXML,QE007539,RR28 G EXPORTS,,,,,,,,
QE007540.mzXML,QE007540,RR29 G EXPORTS,,,,,,,,
QE007541.mzXML,QE007541,RR31 G EXPORTS,,,,,,,,
QE007542.mzXML,QE007542,RR30 G EXPORTS,,,,,,,,
QE007543.mzXML,QE007543,RR61 G EXPORTS,,,,,,,,
QE007545.mzXML,QE007545,NBS trap blank close gff EXPORTS,,,,,,,,
QE007546.mzXML,QE007546,RR60 G EXPORTS,,,,,,,,
QE007547.mzXML,QE007547,RR62 G EXPORTS,,,,,,,,
QE007548.mzXML,QE007548,RR32 G EXPORTS,,,,,,,,
QE007549.mzXML,QE007549,RR54 G EXPORTS,,,,,,,,
QE007550.mzXML,QE007550,RR59 G EXPORTS,,,,,,,,
QE007551.mzXML,QE007551,RR58 G EXPORTS,,,,,,,,
QE007552.mzXML,QE007552,RR57 G EXPORTS,,,,,,,,
QE007554.mzXML,QE007554,RR33 G EXPORTS,,,,,,,,
QE007555.mzXML,QE007555,RR9 G EXPORTS,,,,,,,,
QE007556.mzXML,QE007556,RR7 G EXPORTS,,,,,,,,
QE007557.mzXML,QE007557,RR6 G EXPORTS,,,,,,,,
QE007558.mzXML,QE007558,RR8 G EXPORTS,,,,,,,,
QE007559.mzXML,QE007559,RR12 H EXPORTS,,,,,,,,
QE007560.mzXML,QE007560,RR11 G EXPORTS,,,,,,,,
QE007561.mzXML,QE007561,RR10 G EXPORTS,,,,,,,,
